{
  "project_info": {
    "project_number": "548409930672",
    "firebase_url": "https://finalproject1-c0216-default-rtdb.asia-southeast1.firebasedatabase.app",
    "project_id": "finalproject1-c0216",
    "storage_bucket": "finalproject1-c0216.appspot.com"
  },
  "client": [
    {
      "client_info": {
        "mobilesdk_app_id": "1:548409930672:android:e7011753f44f72d1e45c75",
        "android_client_info": {
          "package_name": "com.example.lifesaver"
        }
      },
      "oauth_client": [
        {
          "client_id": "548409930672-gf4tct924j3pebaq9hih4brbq8ltik0u.apps.googleusercontent.com",
          "client_type": 3
        }
      ],
      "api_key": [
        {
          "current_key": "AIzaSyAMuJEint1pvHrfcCNW3JPgg-A5xRfEcLU"
        }
      ],
      "services": {
        "appinvite_service": {
          "other_platform_oauth_client": [
            {
              "client_id": "548409930672-gf4tct924j3pebaq9hih4brbq8ltik0u.apps.googleusercontent.com",
              "client_type": 3
            }
          ]
        }
      }
    }
  ],
  "configuration_version": "1"
}